<?xml version="1.0" ?>
<LOG_ROOT>
	<PROJECT NAME="MD5_Decryption">
		<CBX_INST_ENTRY INSTANCE_NAME="|md5|md5_group:md5_0|md5_unit:\gen_Label:0:md5_1|mram:\gen_codeLabel:0:mDataRAM|altsyncram:altsyncram_component" CBX_FILE_NAME="altsyncram_uku3.tdf"/>
		<CBX_INST_ENTRY INSTANCE_NAME="|md5|md5_group:md5_0|md5_unit:\gen_Label:4:md5_1|krom:kDataROM|altsyncram:altsyncram_component" CBX_FILE_NAME="altsyncram_bg14.tdf"/>
		<CBX_INST_ENTRY INSTANCE_NAME="|md5|md5_group:md5_0|md5_unit:\gen_Label:7:md5_1|mram:\gen_codeLabel:1:mDataRAM|altsyncram:altsyncram_component" CBX_FILE_NAME="altsyncram_uku3.tdf"/>
		<CBX_INST_ENTRY INSTANCE_NAME="|md5|md5_group:md5_0|md5_unit:\gen_Label:8:md5_1|mram:\gen_codeLabel:0:mDataRAM|altsyncram:altsyncram_component" CBX_FILE_NAME="altsyncram_uku3.tdf"/>
		<CBX_INST_ENTRY INSTANCE_NAME="|md5|md5_group:md5_0|md5_unit:\gen_Label:13:md5_1|krom:kDataROM|altsyncram:altsyncram_component" CBX_FILE_NAME="altsyncram_bg14.tdf"/>
		<CBX_INST_ENTRY INSTANCE_NAME="|md5|md5_group:md5_0|md5_unit:\gen_Label:4:md5_1|srom:sDataROM|altsyncram:altsyncram_component" CBX_FILE_NAME="altsyncram_jd14.tdf"/>
		<CBX_INST_ENTRY INSTANCE_NAME="|md5|soc_system:u0|soc_system_hps_0:hps_0|soc_system_hps_0_hps_io:hps_io|soc_system_hps_0_hps_io_border:border|hps_sdram:hps_sdram_inst|hps_sdram_p0:p0|hps_sdram_p0_acv_hard_memphy:umemphy|hps_sdram_p0_acv_hard_io_pads:uio_pads|hps_sdram_p0_acv_hard_addr_cmd_pads:uaddr_cmd_pads|altddio_out:clock_gen[0].umem_ck_pad" CBX_FILE_NAME="ddio_out_uqe.tdf"/>
		<CBX_INST_ENTRY INSTANCE_NAME="|md5|md5_group:md5_0|md5_unit:\gen_Label:0:md5_1|mram:\gen_codeLabel:1:mDataRAM|altsyncram:altsyncram_component" CBX_FILE_NAME="altsyncram_uku3.tdf"/>
		<CBX_INST_ENTRY INSTANCE_NAME="|md5|md5_group:md5_0|md5_unit:\gen_Label:1:md5_1|mram:\gen_codeLabel:0:mDataRAM|altsyncram:altsyncram_component" CBX_FILE_NAME="altsyncram_uku3.tdf"/>
		<CBX_INST_ENTRY INSTANCE_NAME="|md5|md5_group:md5_0|md5_unit:\gen_Label:5:md5_1|krom:kDataROM|altsyncram:altsyncram_component" CBX_FILE_NAME="altsyncram_bg14.tdf"/>
		<CBX_INST_ENTRY INSTANCE_NAME="|md5|md5_group:md5_0|md5_unit:\gen_Label:14:md5_1|krom:kDataROM|altsyncram:altsyncram_component" CBX_FILE_NAME="altsyncram_bg14.tdf"/>
		<CBX_INST_ENTRY INSTANCE_NAME="|md5|md5_group:md5_0|md5_unit:\gen_Label:5:md5_1|srom:sDataROM|altsyncram:altsyncram_component" CBX_FILE_NAME="altsyncram_jd14.tdf"/>
		<CBX_INST_ENTRY INSTANCE_NAME="|md5|md5_group:md5_0|md5_unit:\gen_Label:8:md5_1|mram:\gen_codeLabel:1:mDataRAM|altsyncram:altsyncram_component" CBX_FILE_NAME="altsyncram_uku3.tdf"/>
		<CBX_INST_ENTRY INSTANCE_NAME="|md5|md5_group:md5_0|md5_unit:\gen_Label:9:md5_1|mram:\gen_codeLabel:0:mDataRAM|altsyncram:altsyncram_component" CBX_FILE_NAME="altsyncram_uku3.tdf"/>
		<CBX_INST_ENTRY INSTANCE_NAME="|md5|md5_group:md5_0|md5_unit:\gen_Label:0:md5_1|krom:kDataROM|altsyncram:altsyncram_component" CBX_FILE_NAME="altsyncram_bg14.tdf"/>
		<CBX_INST_ENTRY INSTANCE_NAME="|md5|md5_group:md5_0|md5_unit:\gen_Label:3:md5_1|mram:\gen_codeLabel:1:mDataRAM|altsyncram:altsyncram_component" CBX_FILE_NAME="altsyncram_uku3.tdf"/>
		<CBX_INST_ENTRY INSTANCE_NAME="|md5|md5_group:md5_0|md5_unit:\gen_Label:4:md5_1|mram:\gen_codeLabel:0:mDataRAM|altsyncram:altsyncram_component" CBX_FILE_NAME="altsyncram_uku3.tdf"/>
		<CBX_INST_ENTRY INSTANCE_NAME="|md5|md5_group:md5_0|md5_unit:\gen_Label:0:md5_1|srom:sDataROM|altsyncram:altsyncram_component" CBX_FILE_NAME="altsyncram_jd14.tdf"/>
		<CBX_INST_ENTRY INSTANCE_NAME="|md5|md5_group:md5_0|md5_unit:\gen_Label:12:md5_1|mram:\gen_codeLabel:1:mDataRAM|altsyncram:altsyncram_component" CBX_FILE_NAME="altsyncram_uku3.tdf"/>
		<CBX_INST_ENTRY INSTANCE_NAME="|md5|md5_group:md5_0|md5_unit:\gen_Label:13:md5_1|mram:\gen_codeLabel:0:mDataRAM|altsyncram:altsyncram_component" CBX_FILE_NAME="altsyncram_uku3.tdf"/>
		<CBX_INST_ENTRY INSTANCE_NAME="|md5|md5_group:md5_0|md5_unit:\gen_Label:1:md5_1|mram:\gen_codeLabel:1:mDataRAM|altsyncram:altsyncram_component" CBX_FILE_NAME="altsyncram_uku3.tdf"/>
		<CBX_INST_ENTRY INSTANCE_NAME="|md5|md5_group:md5_0|md5_unit:\gen_Label:2:md5_1|mram:\gen_codeLabel:0:mDataRAM|altsyncram:altsyncram_component" CBX_FILE_NAME="altsyncram_uku3.tdf"/>
		<CBX_INST_ENTRY INSTANCE_NAME="|md5|md5_group:md5_0|md5_unit:\gen_Label:6:md5_1|krom:kDataROM|altsyncram:altsyncram_component" CBX_FILE_NAME="altsyncram_bg14.tdf"/>
		<CBX_INST_ENTRY INSTANCE_NAME="|md5|md5_group:md5_0|md5_unit:\gen_Label:15:md5_1|krom:kDataROM|altsyncram:altsyncram_component" CBX_FILE_NAME="altsyncram_bg14.tdf"/>
		<CBX_INST_ENTRY INSTANCE_NAME="|md5|md5_group:md5_0|md5_unit:\gen_Label:6:md5_1|srom:sDataROM|altsyncram:altsyncram_component" CBX_FILE_NAME="altsyncram_jd14.tdf"/>
		<CBX_INST_ENTRY INSTANCE_NAME="|md5|md5_group:md5_0|md5_unit:\gen_Label:1:md5_1|krom:kDataROM|altsyncram:altsyncram_component" CBX_FILE_NAME="altsyncram_bg14.tdf"/>
		<CBX_INST_ENTRY INSTANCE_NAME="|md5|md5_group:md5_0|md5_unit:\gen_Label:10:md5_1|krom:kDataROM|altsyncram:altsyncram_component" CBX_FILE_NAME="altsyncram_bg14.tdf"/>
		<CBX_INST_ENTRY INSTANCE_NAME="|md5|md5_group:md5_0|md5_unit:\gen_Label:1:md5_1|srom:sDataROM|altsyncram:altsyncram_component" CBX_FILE_NAME="altsyncram_jd14.tdf"/>
		<CBX_INST_ENTRY INSTANCE_NAME="|md5|md5_group:md5_0|md5_unit:\gen_Label:4:md5_1|mram:\gen_codeLabel:1:mDataRAM|altsyncram:altsyncram_component" CBX_FILE_NAME="altsyncram_uku3.tdf"/>
		<CBX_INST_ENTRY INSTANCE_NAME="|md5|md5_group:md5_0|md5_unit:\gen_Label:5:md5_1|mram:\gen_codeLabel:0:mDataRAM|altsyncram:altsyncram_component" CBX_FILE_NAME="altsyncram_uku3.tdf"/>
		<CBX_INST_ENTRY INSTANCE_NAME="|md5|md5_group:md5_0|md5_unit:\gen_Label:2:md5_1|mram:\gen_codeLabel:1:mDataRAM|altsyncram:altsyncram_component" CBX_FILE_NAME="altsyncram_uku3.tdf"/>
		<CBX_INST_ENTRY INSTANCE_NAME="|md5|md5_group:md5_0|md5_unit:\gen_Label:3:md5_1|mram:\gen_codeLabel:0:mDataRAM|altsyncram:altsyncram_component" CBX_FILE_NAME="altsyncram_uku3.tdf"/>
		<CBX_INST_ENTRY INSTANCE_NAME="|md5|md5_group:md5_0|md5_unit:\gen_Label:7:md5_1|krom:kDataROM|altsyncram:altsyncram_component" CBX_FILE_NAME="altsyncram_bg14.tdf"/>
		<CBX_INST_ENTRY INSTANCE_NAME="|md5|md5_group:md5_0|md5_unit:\gen_Label:7:md5_1|srom:sDataROM|altsyncram:altsyncram_component" CBX_FILE_NAME="altsyncram_jd14.tdf"/>
		<CBX_INST_ENTRY INSTANCE_NAME="|md5|md5_group:md5_0|md5_unit:\gen_Label:2:md5_1|krom:kDataROM|altsyncram:altsyncram_component" CBX_FILE_NAME="altsyncram_bg14.tdf"/>
		<CBX_INST_ENTRY INSTANCE_NAME="|md5|md5_group:md5_0|md5_unit:\gen_Label:11:md5_1|krom:kDataROM|altsyncram:altsyncram_component" CBX_FILE_NAME="altsyncram_bg14.tdf"/>
		<CBX_INST_ENTRY INSTANCE_NAME="|md5|md5_group:md5_0|md5_unit:\gen_Label:2:md5_1|srom:sDataROM|altsyncram:altsyncram_component" CBX_FILE_NAME="altsyncram_jd14.tdf"/>
		<CBX_INST_ENTRY INSTANCE_NAME="|md5|md5_group:md5_0|md5_unit:\gen_Label:11:md5_1|srom:sDataROM|altsyncram:altsyncram_component" CBX_FILE_NAME="altsyncram_jd14.tdf"/>
		<CBX_INST_ENTRY INSTANCE_NAME="|md5|md5_group:md5_0|md5_unit:\gen_Label:5:md5_1|mram:\gen_codeLabel:1:mDataRAM|altsyncram:altsyncram_component" CBX_FILE_NAME="altsyncram_uku3.tdf"/>
		<CBX_INST_ENTRY INSTANCE_NAME="|md5|md5_group:md5_0|md5_unit:\gen_Label:6:md5_1|mram:\gen_codeLabel:0:mDataRAM|altsyncram:altsyncram_component" CBX_FILE_NAME="altsyncram_uku3.tdf"/>
		<CBX_INST_ENTRY INSTANCE_NAME="|md5|md5_group:md5_0|md5_unit:\gen_Label:15:md5_1|mram:\gen_codeLabel:1:mDataRAM|altsyncram:altsyncram_component" CBX_FILE_NAME="altsyncram_uku3.tdf"/>
		<CBX_INST_ENTRY INSTANCE_NAME="|md5|md5_group:md5_0|md5_unit:\gen_Label:3:md5_1|krom:kDataROM|altsyncram:altsyncram_component" CBX_FILE_NAME="altsyncram_bg14.tdf"/>
		<CBX_INST_ENTRY INSTANCE_NAME="|md5|md5_group:md5_0|md5_unit:\gen_Label:12:md5_1|krom:kDataROM|altsyncram:altsyncram_component" CBX_FILE_NAME="altsyncram_bg14.tdf"/>
		<CBX_INST_ENTRY INSTANCE_NAME="|md5|md5_group:md5_0|md5_unit:\gen_Label:3:md5_1|srom:sDataROM|altsyncram:altsyncram_component" CBX_FILE_NAME="altsyncram_jd14.tdf"/>
		<CBX_INST_ENTRY INSTANCE_NAME="|md5|md5_group:md5_0|md5_unit:\gen_Label:6:md5_1|mram:\gen_codeLabel:1:mDataRAM|altsyncram:altsyncram_component" CBX_FILE_NAME="altsyncram_uku3.tdf"/>
		<CBX_INST_ENTRY INSTANCE_NAME="|md5|md5_group:md5_0|md5_unit:\gen_Label:7:md5_1|mram:\gen_codeLabel:0:mDataRAM|altsyncram:altsyncram_component" CBX_FILE_NAME="altsyncram_uku3.tdf"/>
		<CBX_INST_ENTRY INSTANCE_NAME="|md5|md5_group:md5_0|md5_unit:\gen_Label:8:md5_1|srom:sDataROM|altsyncram:altsyncram_component" CBX_FILE_NAME="altsyncram_jd14.tdf"/>
		<CBX_INST_ENTRY INSTANCE_NAME="|md5|md5_group:md5_0|md5_unit:\gen_Label:8:md5_1|krom:kDataROM|altsyncram:altsyncram_component" CBX_FILE_NAME="altsyncram_bg14.tdf"/>
		<CBX_INST_ENTRY INSTANCE_NAME="|md5|md5_group:md5_0|md5_unit:\gen_Label:15:md5_1|srom:sDataROM|altsyncram:altsyncram_component" CBX_FILE_NAME="altsyncram_jd14.tdf"/>
		<CBX_INST_ENTRY INSTANCE_NAME="|md5|md5_group:md5_0|md5_unit:\gen_Label:9:md5_1|mram:\gen_codeLabel:1:mDataRAM|altsyncram:altsyncram_component" CBX_FILE_NAME="altsyncram_uku3.tdf"/>
		<CBX_INST_ENTRY INSTANCE_NAME="|md5|md5_group:md5_0|md5_unit:\gen_Label:9:md5_1|srom:sDataROM|altsyncram:altsyncram_component" CBX_FILE_NAME="altsyncram_jd14.tdf"/>
		<CBX_INST_ENTRY INSTANCE_NAME="|md5|md5_group:md5_0|md5_unit:\gen_Label:9:md5_1|krom:kDataROM|altsyncram:altsyncram_component" CBX_FILE_NAME="altsyncram_bg14.tdf"/>
		<CBX_INST_ENTRY INSTANCE_NAME="|md5|md5_group:md5_0|md5_unit:\gen_Label:10:md5_1|mram:\gen_codeLabel:0:mDataRAM|altsyncram:altsyncram_component" CBX_FILE_NAME="altsyncram_uku3.tdf"/>
		<CBX_INST_ENTRY INSTANCE_NAME="|md5|md5_group:md5_0|md5_unit:\gen_Label:10:md5_1|mram:\gen_codeLabel:1:mDataRAM|altsyncram:altsyncram_component" CBX_FILE_NAME="altsyncram_uku3.tdf"/>
		<CBX_INST_ENTRY INSTANCE_NAME="|md5|md5_group:md5_0|md5_unit:\gen_Label:11:md5_1|mram:\gen_codeLabel:0:mDataRAM|altsyncram:altsyncram_component" CBX_FILE_NAME="altsyncram_uku3.tdf"/>
		<CBX_INST_ENTRY INSTANCE_NAME="|md5|md5_group:md5_0|md5_unit:\gen_Label:10:md5_1|srom:sDataROM|altsyncram:altsyncram_component" CBX_FILE_NAME="altsyncram_jd14.tdf"/>
		<CBX_INST_ENTRY INSTANCE_NAME="|md5|md5_group:md5_0|md5_unit:\gen_Label:13:md5_1|mram:\gen_codeLabel:1:mDataRAM|altsyncram:altsyncram_component" CBX_FILE_NAME="altsyncram_uku3.tdf"/>
		<CBX_INST_ENTRY INSTANCE_NAME="|md5|md5_group:md5_0|md5_unit:\gen_Label:14:md5_1|mram:\gen_codeLabel:0:mDataRAM|altsyncram:altsyncram_component" CBX_FILE_NAME="altsyncram_uku3.tdf"/>
		<CBX_INST_ENTRY INSTANCE_NAME="|md5|md5_group:md5_0|md5_unit:\gen_Label:11:md5_1|mram:\gen_codeLabel:1:mDataRAM|altsyncram:altsyncram_component" CBX_FILE_NAME="altsyncram_uku3.tdf"/>
		<CBX_INST_ENTRY INSTANCE_NAME="|md5|md5_group:md5_0|md5_unit:\gen_Label:12:md5_1|mram:\gen_codeLabel:0:mDataRAM|altsyncram:altsyncram_component" CBX_FILE_NAME="altsyncram_uku3.tdf"/>
		<CBX_INST_ENTRY INSTANCE_NAME="|md5|md5_group:md5_0|md5_unit:\gen_Label:12:md5_1|srom:sDataROM|altsyncram:altsyncram_component" CBX_FILE_NAME="altsyncram_jd14.tdf"/>
		<CBX_INST_ENTRY INSTANCE_NAME="|md5|md5_group:md5_0|md5_unit:\gen_Label:13:md5_1|srom:sDataROM|altsyncram:altsyncram_component" CBX_FILE_NAME="altsyncram_jd14.tdf"/>
		<CBX_INST_ENTRY INSTANCE_NAME="|md5|md5_group:md5_0|md5_unit:\gen_Label:14:md5_1|mram:\gen_codeLabel:1:mDataRAM|altsyncram:altsyncram_component" CBX_FILE_NAME="altsyncram_uku3.tdf"/>
		<CBX_INST_ENTRY INSTANCE_NAME="|md5|md5_group:md5_0|md5_unit:\gen_Label:15:md5_1|mram:\gen_codeLabel:0:mDataRAM|altsyncram:altsyncram_component" CBX_FILE_NAME="altsyncram_uku3.tdf"/>
		<CBX_INST_ENTRY INSTANCE_NAME="|md5|md5_group:md5_0|md5_unit:\gen_Label:14:md5_1|srom:sDataROM|altsyncram:altsyncram_component" CBX_FILE_NAME="altsyncram_jd14.tdf"/>
	</PROJECT>
</LOG_ROOT>
